User name,Password,Access key ID,Secret access key,Console login link
user1,,AKIASNCFJKVOH7MT526C,+F7U2eo+fiwg9oJdgUHZvXSkliaN3ps9oRavoLXI,https://giridhar276.signin.aws.amazon.com/console
user2,,AKIASNCFJKVOMSL27V4J,xRFzMB3gVTVky1CWe9tG8BqHh9NNysxlxjJXtn3Q,https://giridhar276.signin.aws.amazon.com/console
user3,,AKIASNCFJKVOGKBE5TAQ,Nod7Shk4aPB58AKT5sxx8hhwXTEfqTYsdORWfolu,https://giridhar276.signin.aws.amazon.com/console
user4,,AKIASNCFJKVODI4EI6PC,XDdCb9azZNi7c2bV3eHJ5/3VaOHGrjxL5/dJqdak,https://giridhar276.signin.aws.amazon.com/console
user5,,AKIASNCFJKVOEGOBLSVI,m+EZ66r5UR91XKXX31c/cc0NVrhZHjkcR81efk7k,https://giridhar276.signin.aws.amazon.com/console
user6,,AKIASNCFJKVOEOESJFHV,AqhHWsj90NJczu8IzQnWGb7kTcgZCJvS0076iZkm,https://giridhar276.signin.aws.amazon.com/console
